geohash,demand,demand_percentile
qp02yc,0.0190904123609185,0.32521008403361346
qp02yf,0.0294325672228641,0.43865546218487395
qp02yz,0.0375201481152631,0.4991596638655462
qp02z1,0.0405340323354626,0.515126050420168
qp02z3,0.0176532271080042,0.29747899159663865
qp02z4,0.0235800004028156,0.3873949579831933
qp02z5,0.0355332191934248,0.48403361344537815
qp02z6,0.0447115574501604,0.542016806722689
qp02z7,0.0342645169330449,0.473109243697479
qp02z9,0.0344408517378463,0.4764705882352941
qp02zc,0.0547786816278358,0.5974789915966386
qp02zd,0.0561835984713734,0.6084033613445378
qp02ze,0.1017307063525405,0.7714285714285715
qp02zf,0.0139937312123754,0.23529411764705882
qp02zg,0.0444068550899858,0.5386554621848739
qp02zh,0.1727581670594069,0.8815126050420168
qp02zj,0.2234408381565187,0.9184873949579831
qp02zk,0.0414991839768418,0.5252100840336135
qp02zm,0.078252137920213,0.7025210084033613
qp02zn,0.1563694932300111,0.8638655462184874
qp02zp,0.1174560866860356,0.8126050420168067
qp02zq,0.0295666468940624,0.44201680672268906
qp02zr,0.1882764114689595,0.8974789915966387
qp02zs,0.0794058085185397,0.7058823529411765
qp02zt,0.2811067856441464,0.9445378151260504
qp02zu,0.0476390487799237,0.5605042016806723
qp02zv,0.0949917548418573,0.7495798319327731
qp02zw,0.6972438559755565,0.9857142857142858
qp02zx,0.4506941176142349,0.9739495798319328
qp02zy,0.1618698353991653,0.8697478991596639
qp02zz,0.4425355454235081,0.9722689075630252
qp03jq,0.0340751674094401,0.4714285714285714
qp03jr,0.0268085894040822,0.4151260504201681
qp03jw,0.032866191958213,0.46302521008403363
qp03jx,0.0269472326752283,0.41680672268907565
qp03jy,0.0366045834158641,0.4907563025210084
qp03jz,0.0342175676155005,0.4722689075630252
qp03m2,0.0172540307280534,0.2949579831932773
qp03m3,0.010780018004891,0.16554621848739495
qp03m6,0.0849292117472375,0.7151260504201681
qp03m7,0.0196283349348449,0.33277310924369746
qp03m8,0.0216223124761188,0.35714285714285715
qp03m9,0.025828117014821,0.40336134453781514
qp03mb,0.0833594483582493,0.7134453781512605
qp03mc,0.0363597626747201,0.4890756302521008
qp03md,0.0189478901328568,0.32184873949579834
qp03me,0.0361113558228069,0.4857142857142857
qp03mf,0.0428547699484919,0.534453781512605
qp03mg,0.3379039905056547,0.957983193277311
qp03mk,0.014783649641318,0.24789915966386555
qp03mm,0.0085107615641198,0.10756302521008404
qp03mq,0.012966233324052,0.21428571428571427
qp03mr,0.0105357694356534,0.15630252100840336
qp03ms,0.0228740916335226,0.3764705882352941
qp03mt,0.042204731287487,0.5302521008403361
qp03mu,0.0535001992698425,0.5857142857142857
qp03mv,0.0501561568942529,0.5689075630252101
qp03mw,0.0445466172525084,0.5403361344537815
qp03mx,0.0042686421402715,0.023529411764705882
qp03my,0.0672224761289072,0.6596638655462185
qp03mz,0.0548123513909844,0.5983193277310924
qp03nb,0.0961117866594196,0.7554621848739496
qp03nd,0.0404689987398425,0.5142857142857142
qp03nf,0.1004759722845024,0.7697478991596639
qp03nn,0.0041204959683945,0.021848739495798318
qp03np,0.0063398474239323,0.05966386554621849
qp03nq,0.1056598372947278,0.7865546218487395
qp03nr,0.0599527182604746,0.6285714285714286
qp03nw,0.0568507806102433,0.611764705882353
qp03nx,0.0637534540649753,0.646218487394958
qp03ny,0.082946727714676,0.7109243697478992
qp03nz,0.123882681098764,0.8235294117647058
qp03p0,0.0313578266093527,0.45546218487394957
qp03p1,0.026302509675244,0.4084033613445378
qp03p2,0.3029870372137268,0.9521008403361344
qp03p3,0.0959388038996191,0.7529411764705882
qp03p4,0.0249077341307377,0.39747899159663863
qp03p5,0.0158514881688209,0.2672268907563025
qp03p6,0.0594307224058052,0.6260504201680672
qp03p7,0.3628510633622296,0.9630252100840336
qp03p8,0.1211807587917481,0.8168067226890756
qp03p9,0.1050206167108182,0.7831932773109244
qp03pb,0.1989663310573708,0.9
qp03pc,0.0934320048690805,0.7378151260504202
qp03pd,0.1971606385012315,0.8991596638655462
qp03pe,0.1240010669246764,0.8243697478991596
qp03pf,0.0664621949087676,0.6546218487394958
qp03pg,0.0113838323455526,0.17899159663865546
qp03pk,0.0727059915163557,0.680672268907563
qp03pm,0.009597992433722,0.13445378151260504
qp03pn,0.0129353301772831,0.2134453781512605
qp03pp,0.1031197294085355,0.7773109243697479
qp03pq,0.0309856482532261,0.4495798319327731
qp03pr,0.1173070863137567,0.8109243697478992
qp03ps,0.0720519134367157,0.6756302521008404
qp03pt,0.0726561364793431,0.6798319327731093
qp03pu,0.0150766141127476,0.25210084033613445
qp03pv,0.0457838600480721,0.5512605042016807
qp03pw,0.0230193366141861,0.3798319327731092
qp03px,0.055763379557288,0.6042016806722689
qp03py,0.0205917783909786,0.34285714285714286
qp03pz,0.0356794927685536,0.48487394957983193
qp03q0,0.0517318622815829,0.5781512605042017
qp03q1,0.059777284290016,0.626890756302521
qp03q2,0.059904055530664,0.6277310924369748
qp03q3,0.0687843629254428,0.6647058823529411
qp03q4,0.1361573410416215,0.8436974789915966
qp03q5,0.0561645827463696,0.607563025210084
qp03q6,0.054744759110671,0.5966386554621849
qp03q7,0.0448006556954172,0.5428571428571428
qp03q8,0.0568509634540075,0.6126050420168068
qp03q9,0.1117925300549124,0.7983193277310925
qp03qb,0.0922643972008876,0.7327731092436974
qp03qc,0.0872448963472066,0.7218487394957983
qp03qd,0.1178248026066779,0.8134453781512605
qp03qe,0.090349749934553,0.7294117647058823
qp03qf,0.3597838056052824,0.9621848739495799
qp03qg,0.5917549663745586,0.9831932773109243
qp03qh,0.0623290894438469,0.6369747899159663
qp03qj,0.1789645565123893,0.8890756302521008
qp03qk,0.0140566688881487,0.23697478991596638
qp03qm,0.1646746819131836,0.8714285714285714
qp03qn,0.0131361402390659,0.2184873949579832
qp03qp,0.0055176907779823,0.047058823529411764
qp03qq,0.0543913177212056,0.5932773109243697
qp03qr,0.0074245365801385,0.08235294117647059
qp03qs,0.1000490075203556,0.7689075630252101
qp03qt,0.0091846951455427,0.1226890756302521
qp03qu,0.1109849013687311,0.7966386554621848
qp03qv,0.0578327828292572,0.619327731092437
qp03qw,0.0052365934484164,0.03949579831932773
qp03qx,0.0092145370899991,0.12436974789915967
qp03qy,0.3551570893571222,0.9613445378151261
qp03qz,0.034512082393438,0.4773109243697479
qp03r0,0.124180593038538,0.8252100840336134
qp03r1,0.1595088872821773,0.8672268907563025
qp03r2,0.2656397241551291,0.9361344537815126
qp03r3,0.1142332856604838,0.8058823529411765
qp03r4,0.0852950985925534,0.7159663865546219
qp03r5,0.0672440995704885,0.6605042016806723
qp03r6,0.1022943776549172,0.7739495798319328
qp03r7,0.013032925951797,0.21596638655462186
qp03r8,0.057936272642338,0.6201680672268908
qp03r9,0.1558239598489521,0.8630252100840337
qp03rb,0.0201379800688959,0.3369747899159664
qp03rc,0.0128301425025936,0.2092436974789916
qp03rd,0.0558517926071382,0.6050420168067226
qp03re,0.1079192209190196,0.7924369747899159
qp03rf,0.0823731340099007,0.7100840336134454
qp03rg,0.0589111119163015,0.6243697478991597
qp03rh,0.1643390953678132,0.8705882352941177
qp03rj,0.0633206142436345,0.6428571428571429
qp03rk,0.0831811785696667,0.7126050420168067
qp03rm,0.1186978472111206,0.8151260504201681
qp03rn,0.0279222331176212,0.42436974789915966
qp03rp,0.0557375251450876,0.6033613445378151
qp03rq,0.0684870881664574,0.6630252100840336
qp03rr,0.0710185445196866,0.6722689075630253
qp03rs,0.0304887592035454,0.44789915966386556
qp03rt,0.1224973889683032,0.8201680672268907
qp03ru,0.1066084556000424,0.7890756302521008
qp03rv,0.1294092545869349,0.8336134453781513
qp03rw,0.2055776126900725,0.9067226890756303
qp03rx,0.0777309695815822,0.7
qp03ry,0.1165441527666692,0.8084033613445378
qp03rz,0.0902618558120457,0.7285714285714285
qp03t2,0.0087048660935448,0.11260504201680673
qp03t3,0.015414726960184,0.2605042016806723
qp03t6,0.0186188314302944,0.31512605042016806
qp03t7,0.0304558087009751,0.4470588235294118
qp03t8,0.0526459302596002,0.5815126050420169
qp03t9,0.1071603450589092,0.7899159663865546
qp03tb,0.0604110191809931,0.6310924369747899
qp03tc,0.0951690275965967,0.7504201680672269
qp03td,0.0191345682734631,0.3277310924369748
qp03te,0.021890847064137,0.36134453781512604
qp03tf,0.0264114992641283,0.41008403361344536
qp03tg,0.0200885274800128,0.33613445378151263
qp03tk,0.0042954394630699,0.024369747899159664
qp03tm,0.0110117858145301,0.1722689075630252
qp03tq,0.005338369222757,0.04285714285714286
qp03tr,0.0049236152620264,0.030252100840336135
qp03ts,0.0558644890765821,0.6058823529411764
qp03tt,0.016430375714733,0.280672268907563
qp03tu,0.0282199119294409,0.42521008403361343
qp03tv,0.0225395634459931,0.3722689075630252
qp03tw,0.0107821281944466,0.16638655462184873
qp03tx,0.0128286078462118,0.20840336134453782
qp03ty,0.0285540881218473,0.4294117647058823
qp03tz,0.0135258588873237,0.22857142857142856
qp03v2,0.0035365887985337,0.012605042016806723
qp03v9,0.0118747196312146,0.1899159663865546
qp03vb,0.0221764771445204,0.36722689075630255
qp03vc,0.0024563282451353,0.0033613445378151263
qp03w0,0.0415314537537566,0.526890756302521
qp03w1,0.1242221554096936,0.8260504201680672
qp03w2,0.0095564331921868,0.13277310924369748
qp03w3,0.2534073355046486,0.9302521008403362
qp03w4,0.0732942232953453,0.6840336134453782
qp03w5,0.0370839707001285,0.4957983193277311
qp03w6,0.0370510496929041,0.49495798319327733
qp03w7,0.0412371340850186,0.5226890756302521
qp03w8,0.2777541236254331,0.9420168067226891
qp03w9,0.3214084612879688,0.9554621848739496
qp03wb,0.0140250052145928,0.2361344537815126
qp03wc,0.3753223731447301,0.9663865546218487
qp03wd,0.2209079086952343,0.9134453781512605
qp03we,0.1546840998223869,0.8621848739495799
qp03wf,0.8457146947602571,0.9899159663865547
qp03wg,0.4357735878084132,0.9714285714285714
qp03wh,0.0346677473901447,0.4781512605042017
qp03wj,0.0524880223795942,0.5806722689075631
qp03wk,0.0380992363444391,0.5025210084033613
qp03wm,0.0778574468856825,0.7016806722689075
qp03wn,0.0446791245213803,0.5411764705882353
qp03wp,0.0284287848091068,0.426890756302521
qp03wq,0.0509883947353882,0.5747899159663865
qp03wr,0.0725310791117677,0.6789915966386555
qp03ws,0.1044124947527435,0.7798319327731092
qp03wt,0.0722516433599589,0.6764705882352942
qp03wu,0.1999491625996167,0.9025210084033614
qp03wv,0.1152550291027725,0.8067226890756303
qp03ww,0.0669128892829468,0.6579831932773109
qp03wx,0.0873919188507476,0.7226890756302521
qp03wy,0.1714170794251374,0.8789915966386554
qp03wz,0.4535566063414905,0.9747899159663865
qp03x0,0.021281837024577,0.35378151260504204
qp03x1,0.1315670634258709,0.8369747899159664
qp03x2,0.0912487060924506,0.7302521008403361
qp03x3,0.1221712387112585,0.8184873949579832
qp03x4,0.0572632898645426,0.6142857142857143
qp03x5,0.1716997227472505,0.8798319327731092
qp03x6,0.0863371493551982,0.719327731092437
qp03x7,0.1680323201200216,0.8764705882352941
qp03x8,0.0871106626882908,0.7210084033613445
qp03x9,0.0670517077956376,0.6588235294117647
qp03xb,0.0495256028891851,0.5672268907563025
qp03xc,0.0519998831369831,0.5789915966386555
qp03xd,0.0666098873940439,0.6554621848739496
qp03xe,0.1093766125739663,0.7941176470588235
qp03xf,0.1394781955181775,0.8495798319327731
qp03xg,0.1673726105698652,0.873109243697479
qp03xh,0.2332460884467768,0.9226890756302522
qp03xj,0.2485673191981477,0.926890756302521
qp03xk,0.2820029722956149,0.946218487394958
qp03xm,0.7108097983375736,0.9865546218487395
qp03xn,0.1498044492106258,0.8571428571428571
qp03xp,0.2228743674436529,0.9176470588235294
qp03xq,0.0758964970627353,0.6915966386554622
qp03xr,0.1362732700731664,0.8445378151260504
qp03xs,0.2141459198119706,0.9084033613445378
qp03xt,0.2739997533572036,0.9394957983193277
qp03xu,0.130994848279586,0.8352941176470589
qp03xv,0.184537041153421,0.8957983193277311
qp03xw,0.499324164781976,0.9789915966386554
qp03xx,0.8663476514954579,0.992436974789916
qp03xy,0.458308777065319,0.9764705882352941
qp03xz,0.2586052743395829,0.9327731092436975
qp03y0,0.0082756691505804,0.10084033613445378
qp03y1,0.0105559176026221,0.15714285714285714
qp03y2,0.037630289260573,0.5008403361344538
qp03y3,0.0107383915031476,0.16470588235294117
qp03y4,0.0058893905309283,0.05126050420168067
qp03y6,0.0289008278605758,0.43445378151260505
qp03y7,0.0776328022043794,0.6991596638655462
qp03y8,0.124874301416579,0.8277310924369747
qp03y9,0.0976482052057482,0.7605042016806722
qp03yb,0.8160249041109041,0.9882352941176471
qp03yc,0.1422255189780415,0.8512605042016806
qp03yd,0.1170864273173539,0.8100840336134454
qp03ye,0.0744931955846604,0.6857142857142857
qp03yf,0.0287003537258738,0.43109243697478994
qp03yg,0.2811344416178267,0.9453781512605042
qp03yk,0.0180610241413603,0.3050420168067227
qp03ym,0.0166852788964401,0.2857142857142857
qp03yq,0.0132373846516334,0.2218487394957983
qp03ys,0.1119201330467662,0.7991596638655463
qp03yt,0.061244934539172,0.634453781512605
qp03yu,0.0530251036922528,0.5823529411764706
qp03yv,0.0544461188293105,0.5941176470588235
qp03yw,0.0210580200186791,0.3487394957983193
qp03yx,0.0473871289536434,0.5579831932773109
qp03yy,0.075139220304341,0.6882352941176471
qp03yz,0.042744486382102,0.5336134453781513
qp03z0,0.1773630100678911,0.888235294117647
qp03z1,0.0243792993693403,0.3949579831932773
qp03z2,0.5259067475827615,0.9823529411764705
qp03z3,0.002609706455071,0.0058823529411764705
qp03z4,0.0343943141326652,0.4756302521008403
qp03z5,0.0147897403968792,0.24873949579831933
qp03z6,0.0055076111354461,0.046218487394957986
qp03z7,0.0133862607717788,0.22436974789915967
qp03z8,0.1830006445569101,0.8941176470588236
qp03z9,0.0978437364939034,0.7621848739495798
qp03zb,0.2218556228062788,0.9168067226890756
qp03zc,0.1572410658315877,0.8647058823529412
qp03zd,0.0366170182801265,0.492436974789916
qp03ze,0.0216766667380293,0.35798319327731093
qp03zf,0.1687987858662976,0.8781512605042017
qp03zg,0.0572357544519491,0.6134453781512605
qp03zh,0.0343754241317849,0.47478991596638653
qp03zj,0.0071607713384739,0.07815126050420168
qp03zk,0.0167183866248137,0.2865546218487395
qp03zm,0.0083410186539623,0.10336134453781512
qp03zn,0.031014116580811,0.4504201680672269
qp03zp,0.0123194011675675,0.2
qp03zq,0.0046369605718559,0.02689075630252101
qp03zr,0.0162064281507588,0.2773109243697479
qp03zs,0.0230470974427889,0.38235294117647056
qp03zt,0.2797863080107242,0.9436974789915966
qp03zu,0.0542052002240488,0.5907563025210084
qp03zv,0.5117322435350183,0.9798319327731092
qp03zw,0.0219433241648,0.3630252100840336
qp03zy,0.0004950263565121,0.0008403361344537816
qp03zz,0.2719377383640993,0.9378151260504202
qp06n8,0.0158571752737266,0.2680672268907563
qp06n9,0.0082137557407344,0.09663865546218488
qp06nb,0.048655915224457,0.5630252100840336
qp06nc,0.0413010710459221,0.5243697478991597
qp06nd,0.0103000080832012,0.14873949579831933
qp06ne,0.0160004436283867,0.2722689075630252
qp06nf,0.0297020401475488,0.44285714285714284
qp06ng,0.0071712850581266,0.07899159663865546
qp06ns,0.0065091092286294,0.06554621848739496
qp06nt,0.0078456490640747,0.09159663865546218
qp06nu,0.0096838859864062,0.13865546218487396
qp06nv,0.007506458693783,0.08319327731092437
qp06ny,0.0063822611430504,0.06134453781512605
qp06p0,0.0071833321462636,0.07983193277310924
qp06p1,0.0127500829319098,0.20756302521008405
qp06p2,0.0286574884117827,0.43025210084033616
qp06p3,0.0138742884269339,0.23361344537815126
qp06p4,0.0115446837186978,0.18235294117647058
qp06p5,0.1251220530021779,0.8294117647058824
qp06p6,0.0131780612149578,0.22016806722689075
qp06p7,0.0228467519279257,0.37563025210084033
qp06p8,0.003915652728324,0.01764705882352941
qp06p9,0.0128641732122146,0.21008403361344538
qp06pb,0.1479380648574397,0.8546218487394958
qp06pc,0.0114821400577998,0.1815126050420168
qp06pd,0.0160168678339401,0.27310924369747897
qp06pe,0.0424231589403181,0.5327731092436975
qp06pf,0.0179078608747057,0.3025210084033613
qp06pg,0.0082361637169293,0.09915966386554621
qp06ph,0.0928641412839464,0.7369747899159664
qp06pj,0.008757203428987,0.11428571428571428
qp06pk,0.0253157825845362,0.4008403361344538
qp06pm,0.0102960272653087,0.14789915966386555
qp06pn,0.0039575421787226,0.018487394957983194
qp06pq,0.0118452181744996,0.18907563025210083
qp06ps,0.0081423621399997,0.0957983193277311
qp06pt,0.0087121640767838,0.1134453781512605
qp06pu,0.0054794302164796,0.0453781512605042
qp06pv,0.0096825671038719,0.1369747899159664
qp06pw,0.0190526789319335,0.3235294117647059
qp06py,0.0506633778795848,0.5739495798319327
qp08b1,0.0353683736609332,0.4815126050420168
qp08b4,0.0283230017117241,0.4260504201680672
qp08b5,0.0076574579653879,0.0865546218487395
qp08b6,0.0362933088202007,0.48823529411764705
qp08b7,0.031342825323639,0.4546218487394958
qp08bd,0.0383464045677907,0.5042016806722689
qp08be,0.0287647759215616,0.4319327731092437
qp08bg,0.0242036312209889,0.3941176470588235
qp08bh,0.1829701214218163,0.8932773109243698
qp08bj,0.1519359851628134,0.8596638655462185
qp08bk,0.1124424537492938,0.8025210084033614
qp08bm,0.0601474435488433,0.6302521008403361
qp08bn,0.010958610230201,0.17058823529411765
qp08bp,0.039886588242842,0.5109243697478991
qp08bq,0.0451486238627791,0.5487394957983194
qp08br,0.0729230638298568,0.6815126050420168
qp08bs,0.0210488634779777,0.34789915966386553
qp08bu,0.0205553802687815,0.3411764705882353
qp08bv,0.0251852349598141,0.4
qp08bw,0.0475440470793117,0.5596638655462185
qp08bx,0.0261859512204283,0.40672268907563025
qp08by,0.1732640857271291,0.8831932773109243
qp08bz,0.1330698377207267,0.8394957983193277
qp08c5,0.0295561840472031,0.4411764705882353
qp08ch,0.0939423812017271,0.7432773109243698
qp08cj,0.0184148063246688,0.31176470588235294
qp08ck,0.043079441183028,0.5361344537815126
qp08cm,0.1047753690787919,0.7823529411764706
qp08cn,0.0547262815013464,0.5957983193277311
qp08cp,0.2012677467404113,0.9033613445378151
qp08cv,0.0025821521519607,0.005042016806722689
qp08cy,0.01263721486737,0.2042016806722689
qp08fh,0.0300464554688442,0.4445378151260504
qp08fj,0.0093361045088401,0.12773109243697478
qp08fn,0.0031610011563186,0.007563025210084034
qp08fr,0.011706854091766,0.18403361344537816
qp08fv,0.0145173552453361,0.2445378151260504
qp08fw,0.0063472658616503,0.06050420168067227
qp08fx,0.0085402566508958,0.1092436974789916
qp08fy,0.0302347951972664,0.44537815126050423
qp08fz,0.0094768048249989,0.13109243697478992
qp08g4,0.0939423812017271,0.7432773109243698
qp08g6,0.0070053775382386,0.07394957983193277
qp08g7,0.001853536094442,0.0016806722689075631
qp08gj,0.0050422931316203,0.03361344537815126
qp08gk,0.0136157608157626,0.23025210084033612
qp08gm,0.0556230739587178,0.6025210084033613
qp08gn,0.0222540690067123,0.3697478991596639
qp08gp,0.0190822506372718,0.3243697478991597
qp08gq,0.0560221657701134,0.6067226890756302
qp08gr,0.0617418928030925,0.6352941176470588
qp08gt,0.0151862955075996,0.25546218487394956
qp08gv,0.0107297618911894,0.1638655462184874
qp08gw,0.0406645778736373,0.5159663865546219
qp08gx,0.0468824048878745,0.5554621848739496
qp08gy,0.0179300865875761,0.3033613445378151
qp08gz,0.0725289266044269,0.6781512605042017
qp08un,0.0166802260271252,0.2848739495798319
qp08up,0.0131353765312955,0.21764705882352942
qp0900,0.4619535882441771,0.9773109243697479
qp0901,0.0320938969446534,0.4588235294117647
qp0902,0.122977216196111,0.8218487394957983
qp0903,0.0355066682444218,0.4831932773109244
qp0904,0.2211353890879998,0.915126050420168
qp0905,0.0784604840425967,0.704201680672269
qp0906,0.0203879151027096,0.33865546218487397
qp0907,0.320537410694579,0.9546218487394958
qp0908,0.0198831775015231,0.3352941176470588
qp0909,0.0806202672718348,0.7067226890756303
qp090b,0.4175769436251305,0.9697478991596639
qp090c,0.2620885061876521,0.9352941176470588
qp090d,0.0523832482163697,0.5798319327731093
qp090e,0.3658194616215304,0.9638655462184874
qp090h,0.0881008184251002,0.7260504201680672
qp090j,0.0288122688720873,0.4327731092436975
qp090k,0.2487085678091506,0.9277310924369748
qp090m,0.1753902681531296,0.8857142857142857
qp090n,0.0165437817988131,0.28403361344537814
qp090p,0.0186729250158088,0.31596638655462184
qp090q,0.0267524355047096,0.4142857142857143
qp090r,0.0588867363960948,0.6226890756302521
qp090s,0.3484757861460734,0.9596638655462185
qp090t,0.4575691711989294,0.9756302521008403
qp090v,0.0065982071647329,0.06722689075630252
qp090w,0.0451302179759493,0.5478991596638656
qp090x,0.048814437200825,0.5638655462184874
qp090y,0.0102639098033283,0.146218487394958
qp091d,0.0939423812017271,0.7432773109243698
qp091e,0.0099697892893421,0.14453781512605043
qp091g,0.0049207332740574,0.029411764705882353
qp091k,0.0106194108529651,0.16050420168067228
qp091m,0.0576590950038842,0.6176470588235294
qp091n,0.0939423812017271,0.7432773109243698
qp091q,0.0210051101684159,0.346218487394958
qp091r,0.0096620571986281,0.1361344537815126
qp091s,0.0060049411905832,0.05546218487394958
qp091t,0.0927270958780018,0.7344537815126051
qp091u,0.0154432977797089,0.26218487394957984
qp091v,0.0171160252175133,0.2915966386554622
qp091w,0.0230556406729686,0.3831932773109244
qp091x,0.0097330303832011,0.13949579831932774
qp091y,0.063271955959714,0.6420168067226891
qp091z,0.1374070025311401,0.8453781512605042
qp0920,0.0785425148338276,0.7050420168067227
qp0921,0.0938359182476135,0.738655462184874
qp0922,0.0183394550899705,0.30840336134453783
qp0923,0.0141190119611011,0.23865546218487396
qp0924,0.0662431478770416,0.6529411764705882
qp0925,0.2024953836831646,0.9050420168067227
qp0926,0.0920246231651015,0.7319327731092437
qp0927,0.2769809449436971,0.9411764705882353
qp0928,0.0451231946829472,0.5470588235294118
qp0929,0.0551682127815616,0.6008403361344538
qp092d,0.0544896541271619,0.5949579831932773
qp092e,0.0692357805039247,0.6663865546218487
qp092h,0.1673911464322256,0.8739495798319328
qp092j,0.1741720957279895,0.8840336134453781
qp092k,0.1822792393974551,0.8915966386554622
qp092m,0.2357024257681708,0.9235294117647059
qp092n,0.1998380188153757,0.9016806722689076
qp092p,0.0884234175859118,0.7277310924369748
qp092q,0.2583338083334108,0.9319327731092437
qp092r,0.1483475971495888,0.8554621848739495
qp092s,0.0611241342223183,0.6336134453781512
qp092t,0.0972115967343742,0.7571428571428571
qp092w,0.2757313608432666,0.9403361344537815
qp092x,0.1167868886495012,0.8092436974789916
qp0930,0.0064737807189906,0.06386554621848739
qp0932,0.022207475758266,0.3680672268907563
qp0933,0.0114181383302697,0.17983193277310924
qp0936,0.0095065748668166,0.1319327731092437
qp0937,0.0052183436544334,0.037815126050420166
qp0938,0.0084651543164787,0.10504201680672269
qp093b,0.0858188993488459,0.7184873949579832
qp093c,0.0409472459511121,0.5184873949579832
qp093d,0.0109886739224462,0.17142857142857143
qp093e,0.0196460921269421,0.33361344537815124
qp093f,0.006978117634327,0.073109243697479
qp093g,0.0461596472909348,0.5529411764705883
qp093j,0.0080869213493703,0.0949579831932773
qp093m,0.0031779057143256,0.008403361344537815
qp093p,0.0274919832541844,0.42016806722689076
qp093q,0.0191495177531583,0.32857142857142857
qp093r,0.10541333176147,0.7840336134453781
qp093s,0.0093754494350849,0.12941176470588237
qp093t,0.0195191652156116,0.3319327731092437
qp093u,0.0580874696335241,0.6210084033613446
qp093v,0.0505063859528123,0.5722689075630252
qp093w,0.167753048421495,0.8747899159663866
qp093x,0.2147307336655196,0.9109243697478991
qp093y,0.1026608082309895,0.7756302521008404
qp093z,0.0171021870197308,0.2907563025210084
qp0941,0.0504166919722676,0.5705882352941176
qp0942,0.0075234441064009,0.08487394957983194
qp0943,0.0057832189167233,0.05042016806722689
qp0944,0.0416862202645347,0.5294117647058824
qp0945,0.0925410684327293,0.7336134453781512
qp0946,0.0236196937190494,0.38907563025210085
qp0947,0.0565377767780764,0.6092436974789915
qp0948,0.0167521227469274,0.28739495798319326
qp0949,0.0372258180911014,0.49747899159663866
qp094b,0.0667614779525948,0.6563025210084034
qp094c,0.0630299974358466,0.6403361344537815
qp094d,0.0176633422341646,0.29831932773109243
qp094e,0.0133440128267289,0.2235294117647059
qp094f,0.0103894416443523,0.15378151260504203
qp094g,0.0183784294695548,0.3100840336134454
qp094h,0.0183071102897479,0.30756302521008405
qp094j,0.0192727458879623,0.32941176470588235
qp094k,0.0513097719811093,0.5764705882352941
qp094m,0.0463354865220246,0.553781512605042
qp094n,0.3005043602282711,0.9512605042016806
qp094p,0.0489051596698899,0.5647058823529412
qp094q,0.2209160679874678,0.9142857142857143
qp094r,0.41685590793609,0.9689075630252101
qp094s,0.0138938438182154,0.23445378151260504
qp094t,0.0698326748736891,0.66890756302521
qp094u,0.0093264743238143,0.126890756302521
qp094v,0.0113763285791393,0.1781512605042017
qp094w,0.0440436823680108,0.5378151260504201
qp094x,0.1028511440229989,0.7764705882352941
qp094y,0.0410443411014595,0.519327731092437
qp094z,0.0244795931988908,0.3957983193277311
qp0950,0.4184207247936,0.9705882352941176
qp0951,0.0732139914111044,0.6831932773109244
qp0952,0.0639449743327261,0.6470588235294118
qp0953,0.0959776234304918,0.753781512605042
qp0954,0.0122088776105637,0.19747899159663865
qp0956,0.0026668633218558,0.0067226890756302525
qp0957,0.025924469832221,0.4050420168067227
qp0958,0.0624522689381936,0.6394957983193277
qp0959,0.0312760729030415,0.453781512605042
qp095b,0.0331075432096283,0.46554621848739497
qp095c,0.0354071163500515,0.4823529411764706
qp095d,0.0137912158136896,0.23277310924369748
qp095e,0.0189765608970156,0.3226890756302521
qp095f,0.0038151346959333,0.015126050420168067
qp095g,0.0058907490997719,0.052100840336134456
qp095h,0.0076469221379576,0.08571428571428572
qp095j,0.0152566842585504,0.25630252100840334
qp095k,0.0310839898438202,0.45210084033613446
qp095m,0.0262723632932029,0.40756302521008403
qp095n,0.0321137853652679,0.45966386554621846
qp095p,0.0151585859365209,0.253781512605042
qp095q,0.1063626275790339,0.788235294117647
qp095r,0.1129368334043171,0.8042016806722689
qp095s,0.0234673525441795,0.38571428571428573
qp095t,0.0128740105205686,0.21176470588235294
qp095u,0.0361803037351877,0.48739495798319327
qp095v,0.1354334102315744,0.8428571428571429
qp095w,0.0687641751534185,0.6638655462184874
qp095x,0.0503797736716408,0.5697478991596638
qp095y,0.0176081222331993,0.2966386554621849
qp095z,0.0510526181575846,0.5756302521008403
qp0960,0.0543821326357587,0.592436974789916
qp0961,0.0782951866469796,0.7033613445378152
qp0962,0.1126565830671477,0.8033613445378152
qp0963,0.0361624466338888,0.4865546218487395
qp0965,0.0939423812017271,0.7432773109243698
qp0968,0.0411196858854431,0.5210084033613446
qp0969,0.021790658187424,0.36050420168067226
qp096b,0.107382311248417,0.7907563025210084
qp096c,0.0543241908362548,0.5915966386554622
qp096d,0.0211455050845045,0.35042016806722687
qp096e,0.0634873989952167,0.6445378151260505
qp096f,0.2688602189477722,0.9369747899159664
qp096g,0.0966305720544078,0.7563025210084033
qp096h,0.0265623552518422,0.4117647058823529
qp096j,0.0947391240658166,0.7487394957983193
qp096k,0.0095686378211162,0.13361344537815126
qp096m,0.0505555760544288,0.573109243697479
qp096n,0.1122619894483624,0.8016806722689076
qp096p,0.0493791860210511,0.5663865546218487
qp096q,0.846591215909194,0.9907563025210084
qp096r,0.9564919918391984,0.9974789915966387
qp096s,0.0567693874336328,0.6109243697478992
qp096t,0.2588267736298354,0.9336134453781513
qp096u,0.4870242171816307,0.9781512605042016
qp096v,0.9021477253140274,0.9941176470588236
qp096w,0.3312713106867787,0.9563025210084034
qp096x,0.9120985373008909,0.9957983193277311
qp096y,0.3698494789636247,0.965546218487395
qp096z,0.5962088014870315,0.984873949579832
qp0970,0.0324682873694722,0.4613445378151261
qp0971,0.0395477631586169,0.5092436974789916
qp0972,0.0474715473775128,0.5588235294117647
qp0973,0.0148636152132312,0.2495798319327731
qp0974,0.0709988649609227,0.6714285714285714
qp0975,0.1595286036133376,0.8680672268907563
qp0976,0.0762687064521439,0.6941176470588235
qp0977,0.0391197691911195,0.507563025210084
qp0978,0.0331851014027504,0.46638655462184875
qp0979,0.0541211402646046,0.5899159663865546
qp097b,0.0154054592181074,0.25882352941176473
qp097c,0.0773148264731936,0.6974789915966386
qp097d,0.0492530089208017,0.565546218487395
qp097e,0.1474796323304072,0.8529411764705882
qp097f,0.0696872405492439,0.6680672268907563
qp097g,0.0749805121401706,0.6873949579831933
qp097h,0.0294271780577361,0.43781512605042017
qp097j,0.0073268294336068,0.08067226890756303
qp097k,0.0772666308573967,0.6966386554621848
qp097m,0.0049843563136843,0.031092436974789917
qp097q,0.0062015656320811,0.05798319327731093
qp097s,0.2782670251038796,0.9428571428571428
qp097t,0.0329739275360369,0.4647058823529412
qp097u,0.1585579367093385,0.8663865546218488
qp097v,0.273369559367457,0.938655462184874
qp097w,0.0253987565740357,0.40252100840336136
qp097x,0.0054729384736824,0.04453781512605042
qp097y,0.1336116743189323,0.8403361344537815
qp097z,0.020559626626527,0.3420168067226891
qp0980,0.0465582287130864,0.5546218487394958
qp0981,0.0944840657255109,0.7478991596638656
qp0982,0.1730091169460874,0.8823529411764706
qp0983,0.0483802041420486,0.5621848739495798
qp0984,0.0609368297070687,0.6327731092436975
qp0985,0.1384369226020472,0.8470588235294118
qp0986,0.1284553285183683,0.8319327731092437
qp0987,0.522781213363624,0.9815126050420168
qp0988,0.0857267638609758,0.7176470588235294
qp0989,0.0383914937657628,0.5058823529411764
qp098b,0.0065271589246773,0.06638655462184874
qp098c,0.0202358359241163,0.3378151260504202
qp098d,0.1226543250223108,0.8210084033613445
qp098e,0.0532745467719608,0.5831932773109244
qp098f,0.0363625227895345,0.4899159663865546
qp098g,0.0284932229762697,0.42773109243697477
qp098h,0.1312157456604392,0.8361344537815126
qp098j,0.3795614736326305,0.9672268907563025
qp098k,0.2030475517100334,0.9058823529411765
qp098m,0.0973600124736894,0.7579831932773109
qp098n,0.2195124853983776,0.9126050420168067
qp098p,0.3156396266442792,0.9537815126050421
qp098q,0.1236730111033989,0.8226890756302521
qp098r,0.1685534135513542,0.8773109243697479
qp098u,0.0106522434490292,0.16134453781512606
qp0990,0.0253464906271275,0.4016806722689076
qp0991,0.139267026175353,0.8478991596638655
qp0992,0.1120531726761781,0.8
qp0993,0.148628188480438,0.8563025210084033
qp0994,0.0960077496971785,0.7546218487394958
qp0995,0.0366511318153725,0.49327731092436977
qp0996,0.1046119211330831,0.7815126050420168
qp0997,0.0337708624191302,0.4689075630252101
qp0998,0.1078551746128067,0.7915966386554621
qp0999,0.0729429328080812,0.6823529411764706
qp099b,0.092761463262932,0.7352941176470589
qp099c,0.1062885379318483,0.7873949579831933
qp099d,0.0957161560016889,0.7521008403361344
qp099e,0.1327751924501151,0.838655462184874
qp099f,0.0401941517393827,0.5126050420168067
qp099g,0.1810189388061822,0.8899159663865546
qp099h,0.0241014456712918,0.3915966386554622
qp099j,0.0187473327471604,0.3176470588235294
qp099k,0.1538480695618943,0.8613445378151261
qp099m,0.0716719829551472,0.6747899159663866
qp099n,0.006476706968204,0.06470588235294118
qp099p,0.0073922425388196,0.08151260504201681
qp099q,0.0437252255563408,0.5369747899159664
qp099r,0.0379066053623297,0.5016806722689076
qp099s,0.0707774683013866,0.6705882352941176
qp099t,0.0754485973316129,0.6890756302521008
qp099u,0.0448045568870617,0.5436974789915966
qp099v,0.129263276133728,0.8327731092436975
qp099w,0.0220770629126745,0.36554621848739494
qp099x,0.0324209426330399,0.46050420168067224
qp099y,0.0461460545816627,0.5521008403361345
qp099z,0.0259001832868521,0.4042016806722689
qp09b0,0.158544173694925,0.865546218487395
qp09b1,0.0693600504513814,0.6672268907563025
qp09b2,0.1019451414208164,0.773109243697479
qp09b3,0.1089894717874286,0.7932773109243697
qp09b4,0.2614936734923305,0.934453781512605
qp09b5,0.0976509970329683,0.761344537815126
qp09b6,0.5141559634904855,0.980672268907563
qp09b7,0.2903905913392852,0.9487394957983193
qp09bd,0.1174121990390575,0.8117647058823529
qp09be,0.1275664869866072,0.8302521008403362
qp09bh,0.2265815551811278,0.9201680672268907
qp09bj,0.0953522763550097,0.7512605042016807
qp09bk,0.023831069528289,0.3907563025210084
qp09bm,0.0684717253717293,0.6621848739495798
qp09bn,0.0504750331339467,0.5714285714285714
qp09bp,0.0233951544574147,0.38487394957983195
qp09bq,0.0415267963220288,0.5260504201680672
qp09br,0.0056271520256788,0.04873949579831933
qp09bt,0.0092030758097897,0.12352941176470589
qp09bw,0.0168049237074638,0.28823529411764703
qp09bx,0.0033848464968189,0.010084033613445379
qp09bz,0.0077324166933864,0.08823529411764706
qp09c6,0.0112253591471125,0.17647058823529413
qp09c7,0.0120866898096485,0.1957983193277311
qp09c8,0.0469349561566526,0.5563025210084034
qp09c9,0.02481534444515,0.39663865546218485
qp09cb,0.0121780665450841,0.19663865546218487
qp09cc,0.0999040301654462,0.7680672268907563
qp09cd,0.010820097266911,0.16806722689075632
qp09ce,0.0122920769277592,0.1991596638655462
qp09cf,0.0163851184444436,0.27983193277310925
qp09cg,0.1394698227998592,0.8487394957983193
qp09ch,0.0050571761135617,0.03529411764705882
qp09cj,0.0877010065032702,0.7252100840336134
qp09ck,0.0036248462356053,0.013445378151260505
qp09cm,0.0550573687768148,0.5991596638655462
qp09cn,0.0210015151639163,0.3453781512605042
qp09cp,0.0067975635527494,0.07058823529411765
qp09cq,0.0589470598737159,0.6252100840336134
qp09cr,0.005008343290217,0.03277310924369748
qp09cs,0.0114286391010398,0.18067226890756302
qp09ct,0.0445262114782047,0.5394957983193277
qp09cu,0.0207067261214436,0.34369747899159664
qp09cv,0.0978503002137548,0.7630252100840336
qp09cw,0.0104354074618985,0.1546218487394958
qp09cx,0.0162111694920553,0.2781512605042017
qp09cy,0.0159637521636491,0.2689075630252101
qp09d1,0.0235270695029045,0.3865546218487395
qp09d2,0.9524399032116369,0.9966386554621849
qp09d3,0.909741350874843,0.9949579831932773
qp09d4,0.0271867000877903,0.4184873949579832
qp09d5,0.151613377960856,0.8588235294117647
qp09d6,0.2969141716443592,0.9504201680672268
qp09d7,0.3676646358102136,0.9647058823529412
qp09d8,0.8222676093963168,0.9890756302521009
qp09d9,1.0,0.9991596638655462
qp09db,0.5957821456647467,0.9840336134453781
qp09dc,1.0,0.9991596638655462
qp09dd,0.2922139461566925,0.9495798319327731
qp09de,0.2452127809351396,0.9252100840336135
qp09df,0.1678182189262808,0.8756302521008403
qp09dg,0.1470278892172052,0.8521008403361344
qp09dh,0.3479541304714574,0.9588235294117647
qp09dj,0.2143473311724579,0.9092436974789916
qp09dk,0.2236771850200234,0.9193277310924369
qp09dm,0.0641561072395317,0.6478991596638656
qp09dn,0.1055314598525272,0.7848739495798319
qp09dp,0.0449420765676165,0.5445378151260504
qp09dq,0.0143134272592361,0.2411764705882353
qp09dr,0.0397453908006803,0.5100840336134453
qp09ds,0.0551886778852127,0.6016806722689075
qp09dt,0.0238035352712789,0.3899159663865546
qp09du,0.0135798348502966,0.22941176470588234
qp09dv,0.0038677238650518,0.015966386554621848
qp09dw,0.0088953528876,0.11680672268907563
qp09dx,0.0164556053859296,0.2815126050420168
qp09e0,0.008911215955963,0.11764705882352941
qp09e1,0.1120640014814423,0.8008403361344538
qp09e2,0.0136808466462407,0.23109243697478993
qp09e3,0.0423925811186029,0.5319327731092437
qp09e4,0.0757330988291431,0.6899159663865546
qp09e5,1.0,0.9991596638655462
qp09e6,0.0230200340586784,0.380672268907563
qp09e7,0.1216091075892252,0.8176470588235294
qp09e8,0.0450989491577694,0.5462184873949579
qp09e9,0.1096551151037858,0.7949579831932773
qp09eb,0.0230004025692292,0.37899159663865545
qp09ec,0.0131728103971309,0.21932773109243697
qp09ed,0.0778149017444828,0.7008403361344537
qp09ee,0.0153512143571235,0.2571428571428571
qp09ef,0.0111099412794923,0.173109243697479
qp09eh,0.4498377633968681,0.973109243697479
qp09ej,0.0668255944399463,0.6571428571428571
qp09ek,0.2501268219039013,0.9294117647058824
qp09em,0.1185831316161129,0.8142857142857143
qp09en,0.0269820479259401,0.4176470588235294
qp09ep,0.03064896961118,0.44873949579831934
qp09eq,0.8607691661314778,0.9915966386554622
qp09er,0.064235625233569,0.6487394957983194
qp09es,0.0046639541337026,0.02773109243697479
qp09et,0.0180931239363094,0.3058823529411765
qp09eu,0.0055811955900136,0.04789915966386555
qp09ev,0.0022846274178573,0.0025210084033613447
qp09ew,0.040765574281175,0.5176470588235295
qp09ex,0.3513952585143892,0.9605042016806723
qp09ey,0.0161208380987985,0.27563025210084036
qp09ez,0.0914254135887137,0.7310924369747899
qp09f0,0.0186021725592523,0.3142857142857143
qp09f1,0.0759507394612002,0.6932773109243697
qp09f2,0.0118187320485329,0.18823529411764706
qp09f3,0.0263223532046599,0.4092436974789916
qp09f4,0.0198822381331289,0.334453781512605
qp09f5,0.0128663073061459,0.21092436974789916
qp09f6,0.0219158186931643,0.3621848739495798
qp09f7,0.0343749455556772,0.47394957983193275
qp09f8,0.01266071798726,0.20504201680672268
qp09f9,0.1113220202780779,0.7974789915966387
qp09fb,0.0312678793087768,0.45294117647058824
qp09fc,0.0053356104388628,0.04201680672268908
qp09fd,0.0400851243709052,0.5117647058823529
qp09fe,0.0141348102655302,0.23949579831932774
qp09ff,0.0151474261954983,0.2529411764705882
qp09fg,0.0710889210014344,0.673109243697479
qp09fh,0.0339915930055956,0.47058823529411764
qp09fj,0.0995646250059945,0.7663865546218488
qp09fk,0.0375984800150221,0.5
qp09fm,0.0818930183362185,0.7092436974789916
qp09fq,0.1246167999845555,0.826890756302521
qp09fr,0.0103723620615544,0.15210084033613444
qp09fs,0.0534488003711304,0.584873949579832
qp09ft,0.8800858959311776,0.9932773109243698
qp09fu,0.1811620357193146,0.8907563025210085
qp09fv,0.0171547764222221,0.292436974789916
qp09fw,0.026922526581261,0.41596638655462187
qp09fx,0.037341407087821,0.49831932773109244
qp09fy,0.042371155262626,0.5310924369747899
qp09fz,0.1249490129146442,0.8285714285714286
qp09g0,0.023039809793052,0.3815126050420168
qp09g1,0.0985204193901533,0.7638655462184873
qp09g2,0.1195681554152418,0.8159663865546218
qp09g3,0.0339031107106312,0.46974789915966386
qp09g4,0.063039256224559,0.6411764705882353
qp09g5,0.1351282140437786,0.8420168067226891
qp09g6,0.1316117685655906,0.8378151260504202
qp09g7,0.0540325582709655,0.5890756302521009
qp09g8,0.1044765608529705,0.780672268907563
qp09g9,0.0228877683527064,0.3773109243697479
qp09gb,0.087558368396849,0.7235294117647059
qp09gc,0.0089402883733524,0.11848739495798319
qp09ge,0.0123843675593777,0.2008403361344538
qp09gf,0.0120239522447982,0.19411764705882353
qp09gg,0.0119411737723361,0.1915966386554622
qp09gh,0.0538630010449621,0.5865546218487395
qp09gj,0.0651427481030948,0.6512605042016807
qp09gk,0.1876123124625376,0.8966386554621849
qp09gm,0.0132260349620935,0.22100840336134453
qp09gn,0.0140968247406432,0.23781512605042016
qp09gp,0.0222193410324175,0.3689075630252101
qp09gq,0.0249796820336856,0.3983193277310924
qp09gr,0.0090306922599298,0.11932773109243698
qp09gs,0.0831243543893213,0.711764705882353
qp09gt,0.0713328843638043,0.6739495798319328
qp09gu,0.0277218806014206,0.4218487394957983
qp09gv,0.0623967855952883,0.6386554621848739
qp09gw,0.0773738445377702,0.6983193277310924
qp09gx,0.1104838157331691,0.795798319327731
qp09gy,0.0974733061968479,0.7588235294117647
qp09gz,0.0350944075019789,0.4789915966386555
qp09h0,0.0758715801440596,0.6907563025210084
qp09h1,0.006116599251783,0.05714285714285714
qp09h4,0.01616044122723,0.27647058823529413
qp09h5,0.0410610583290836,0.5201680672268908
qp09h7,0.0122527261362195,0.19831932773109243
qp09he,0.0045136696922345,0.026050420168067228
qp09hh,0.2475083204067858,0.9260504201680673
qp09hj,0.1744177600815603,0.8848739495798319
qp09hk,0.0217897338654209,0.3596638655462185
qp09hm,0.1034944895598212,0.7781512605042017
qp09hn,0.0663477477532035,0.653781512605042
qp09hp,0.0212838235785977,0.3546218487394958
qp09hq,0.0156764238988103,0.2647058823529412
qp09hr,0.0147624993255656,0.24705882352941178
qp09hs,0.0455763062915938,0.5495798319327732
qp09ht,0.0991446577292215,0.7647058823529411
qp09hv,0.0759301866420015,0.692436974789916
qp09hw,0.0154090402264847,0.2596638655462185
qp09hx,0.0096837300145523,0.13781512605042018
qp09hy,0.0310165799292941,0.4512605042016807
qp09hz,0.0105612649958214,0.15798319327731092
qp09j5,0.0939423812017271,0.7432773109243698
qp09j7,0.0113382715056317,0.1773109243697479
qp09jb,0.0059070199786888,0.052941176470588235
qp09je,0.0104854219610039,0.15546218487394958
qp09jk,0.0087649385555045,0.11512605042016806
qp09jm,0.00435101982392,0.025210084033613446
qp09jn,0.0078287264104862,0.0907563025210084
qp09jp,0.0766550462627677,0.6957983193277311
qp09jq,0.1771912593899479,0.8873949579831932
qp09jr,0.0151824514301584,0.2546218487394958
qp09jt,0.0108182470466256,0.1672268907563025
qp09ju,0.0064212054508612,0.06218487394957983
qp09jv,0.0366115795599878,0.49159663865546216
qp09jx,0.0285252888891845,0.42857142857142855
qp09jz,0.0211401054601335,0.3495798319327731
qp09k0,0.0159892718519066,0.2714285714285714
qp09k1,0.0290610159208197,0.4361344537815126
qp09k2,0.160867761986648,0.8689075630252101
qp09k3,0.0551557602969289,0.6
qp09k4,0.0157128452524539,0.26554621848739496
qp09k5,0.0082204146506851,0.09747899159663866
qp09k6,0.0233702051664848,0.3840336134453782
qp09k8,0.0099939876739457,0.1453781512605042
qp09k9,0.0068495488720111,0.07142857142857142
qp09kb,0.0333770755795975,0.4672268907563025
qp09kc,0.0204264573888684,0.33949579831932775
qp09kd,0.0086345482782423,0.11092436974789915
qp09ke,0.0635642805459934,0.6453781512605042
qp09kf,0.0192758937309323,0.3302521008403361
qp09kj,0.0149451273914109,0.25126050420168067
qp09kn,0.0165333481649113,0.28319327731092436
qp09kq,0.0086852803879695,0.11176470588235295
qp09kr,0.0172469543388855,0.29411764705882354
qp09ks,0.0131076467947852,0.21680672268907564
qp09kt,0.0429557268313816,0.5352941176470588
qp09ku,0.0177898863371118,0.3
qp09kv,0.2101088584805436,0.907563025210084
qp09kw,0.0574500983872326,0.6159663865546219
qp09kx,0.0996878171045849,0.7672268907563026
qp09ky,0.0235841009176883,0.38823529411764707
qp09kz,0.336618902507458,0.9571428571428572
qp09m0,0.0763114016018911,0.6949579831932773
qp09m1,0.0295496194773739,0.4403361344537815
qp09m2,0.0314439087719378,0.45630252100840335
qp09m3,0.0051771140313802,0.03697478991596639
qp09m8,0.0080176563968851,0.09411764705882353
qp09m9,0.0191190550029262,0.326890756302521
qp09mb,0.0049975653856168,0.031932773109243695
qp09mc,0.0187713126399956,0.31848739495798317
qp09me,0.0119924192919876,0.19243697478991598
qp09mj,0.0033246806781362,0.009243697478991597
qp09mn,0.0191024976946735,0.32605042016806723
qp09mp,0.0853626028105281,0.7168067226890756
qp09mq,0.0064280791905658,0.06302521008403361
qp09mr,0.0124233074168625,0.20252100840336135
qp09ms,0.0106771464998574,0.16218487394957984
qp09mt,0.0182773859885724,0.3067226890756303
qp09mu,0.0141746178205198,0.24033613445378152
qp09mw,0.0111554954123361,0.17478991596638654
qp09mx,0.0577525093009551,0.6184873949579832
qp09mz,0.0300231467580223,0.4436974789915966
qp09np,0.0120347862241954,0.1949579831932773
qp09q0,0.0103048332078501,0.1495798319327731
qp09q5,0.0103812510725802,0.15294117647058825
qp09qn,0.0183749832084403,0.3092436974789916
qp09qp,0.0070226822365525,0.07478991596638655
qp09s2,0.0088227252327993,0.11596638655462185
qp09s3,0.0123884332501455,0.20168067226890757
qp09s6,0.0684497294279619,0.661344537815126
qp09s7,0.1221942242246354,0.819327731092437
qp09s8,0.3076644513435658,0.9529411764705882
qp09s9,0.2852632073360998,0.9478991596638655
qp09sb,0.0740203686238133,0.6848739495798319
qp09sc,0.0223500920455073,0.37058823529411766
qp09sd,0.1836017776571639,0.8949579831932774
qp09se,0.1725009076092094,0.880672268907563
qp09sf,0.0261342009886384,0.40588235294117647
qp09sg,0.0185059183144341,0.3134453781512605
qp09sh,0.0702149322698202,0.6697478991596638
qp09sj,0.035329529525025,0.48067226890756304
qp09sk,0.1013745174099417,0.7705882352941177
qp09sm,0.0722859261140521,0.6773109243697479
qp09sn,0.0588979258412304,0.6235294117647059
qp09sp,0.228173611279953,0.9210084033613445
qp09sq,0.0575194033256615,0.6168067226890757
qp09sr,0.0226962846391038,0.373109243697479
qp09ss,0.081475998941306,0.7084033613445379
qp09st,0.0219524773943896,0.3638655462184874
qp09su,0.0470136076241308,0.5571428571428572
qp09sv,0.014455166087666,0.24369747899159663
qp09sw,0.1017547678801882,0.7722689075630252
qp09sx,0.0848553511903916,0.7142857142857143
qp09sy,0.0277790362515443,0.4226890756302521
qp09sz,0.1025211027646014,0.7747899159663866
qp09t0,0.2013158866372528,0.9042016806722689
qp09t2,0.0382659712714519,0.5033613445378151
qp09t4,0.0371130348198808,0.4966386554621849
qp09t5,0.040681554475401,0.5168067226890757
qp09t8,0.0976124503622061,0.7596638655462185
qp09t9,0.0075131845479435,0.08403361344537816
qp09th,0.0109540900882481,0.16974789915966387
qp09tj,0.0335976022797328,0.4680672268907563
qp09tk,0.0097922727809358,0.1411764705882353
qp09tm,0.0178098511835602,0.30168067226890755
qp09tn,0.0498547534971708,0.5680672268907563
qp09tp,0.1275904012012495,0.83109243697479
qp09tq,0.015577386823917,0.2630252100840336
qp09tr,0.1652452291111915,0.8722689075630252
qp09tt,0.0179469044991493,0.3042016806722689
qp09tv,0.0939423812017271,0.7432773109243698
qp09tw,0.038389508742904,0.5050420168067227
qp09tx,0.0415401840817145,0.5277310924369748
qp09u0,0.2170242386486875,0.9117647058823529
qp09u1,0.1056062067412014,0.7857142857142857
qp09u2,0.0227378945171743,0.3739495798319328
qp09u3,0.0111438766970998,0.17394957983193277
qp09u4,0.0288643963278051,0.4336134453781513
qp09u5,0.0183888081106702,0.31092436974789917
qp09u6,0.0137427527560113,0.2319327731092437
qp09u7,0.0098762987636853,0.14285714285714285
qp09u8,0.0565682782124264,0.6100840336134454
qp09u9,0.0103548270606741,0.15126050420168066
qp09ub,0.0105926255780389,0.1588235294117647
qp09uc,0.0159756723789465,0.27058823529411763
qp09ud,0.0294647676680887,0.4394957983193277
qp09ue,0.2498900649289254,0.9285714285714286
qp09uf,0.0171927486719142,0.29327731092436976
qp09ug,0.0394444526912534,0.5084033613445378
qp09uh,0.0126795954257013,0.20588235294117646
qp09uj,0.0186827869365948,0.3168067226890756
qp09uk,0.0456388673048276,0.5504201680672269
qp09um,0.032964652080462,0.4638655462184874
qp09un,0.0216213922144989,0.3563025210084034
qp09up,0.0227688613336875,0.37478991596638656
qp09uq,0.0276024513004177,0.42100840336134454
qp09ur,0.0057692881846213,0.04957983193277311
qp09us,0.0533735937101868,0.5840336134453782
qp09ut,0.1339722333424608,0.8411764705882353
qp09uu,0.0241319894561308,0.39327731092436974
qp09uv,0.3814909700621736,0.9680672268907563
qp09uw,0.0411844714244062,0.5218487394957984
qp09ux,0.0415536324877331,0.5285714285714286
qp09uy,0.8044297735934552,0.9873949579831933
qp09uz,0.2282067679453888,0.9218487394957983
qp09v0,0.2144806212293504,0.9100840336134454
qp09v1,0.0928442924439552,0.7361344537815127
qp09v2,0.0292619611422057,0.4369747899159664
qp09v3,0.0063002486775334,0.058823529411764705
qp09v4,0.0094632818872672,0.13025210084033614
qp09v6,0.0188528883014634,0.32016806722689073
qp09vd,0.0067910966659339,0.06974789915966387
qp09ve,0.0111778789132169,0.17563025210084032
qp09vg,0.0157232201953171,0.26638655462184874
qp09vh,0.0939423812017271,0.7432773109243698
qp09vj,0.0642460972855851,0.6495798319327731
qp09vk,0.2214903935280591,0.9159663865546218
qp09vm,0.1519620982476187,0.8605042016806723
qp09vn,0.0574042668020637,0.6151260504201681
qp09vp,0.0250853993644593,0.39915966386554624
qp09vq,0.1160577691978957,0.807563025210084
qp09vr,0.0211504728407714,0.35126050420168065
qp09vs,0.0170127387579175,0.28991596638655465
qp09vt,0.0217304121299578,0.3588235294117647
qp09vu,0.0168344702823557,0.28907563025210087
qp09vv,0.0188105430245767,0.31932773109243695
qp09vw,0.0066593094377931,0.0680672268907563
qp09vx,0.0050636583774765,0.03613445378151261
qp09vy,0.0479285464488003,0.561344537815126
qp09vz,0.008607846397977,0.11008403361344538
qp09w5,0.2826816889518848,0.9470588235294117
qp09wp,0.003461635844352,0.011764705882352941
qp09y0,0.0939423812017271,0.7432773109243698
qp09y1,0.0412696456849187,0.5235294117647059
qp09y5,0.01845072740884,0.3126050420168067
qp09yh,0.1508193000643103,0.8579831932773109
qp09yj,0.0748879236553901,0.6865546218487395
qp09yn,0.032519037419436,0.46218487394957986
qp09yp,0.0204696542798099,0.3403361344537815
qp0d00,0.062145502667629,0.6361344537815126
qp0d01,0.0176704147415304,0.2991596638655462
qp0d02,0.0046804863302706,0.02857142857142857
qp0d03,0.0077804965615482,0.08907563025210084
qp0d04,0.0071077595959418,0.07647058823529412
qp0d05,0.0040440880820962,0.02100840336134454
qp0d06,0.0126026041739235,0.20336134453781513
qp0d07,0.0097548120114769,0.1403361344537815
qp0d0b,0.0053054516023713,0.041176470588235294
qp0d0c,0.0117097530938886,0.18487394957983194
qp0d0f,0.0303651429295438,0.446218487394958
qp0d0g,0.0038104989718898,0.014285714285714285
qp0d0h,0.0994888061608411,0.7655462184873949
qp0d0j,0.0319079876401559,0.4579831932773109
qp0d0k,0.0149070602795068,0.2504201680672269
qp0d0m,0.0106029705110525,0.15966386554621848
qp0d0n,0.0220372665527107,0.36470588235294116
qp0d0q,0.0159731192981389,0.26974789915966385
qp0d0t,0.008314087226707,0.10252100840336134
qp0d0v,0.0066608971755273,0.06890756302521009
qp0d0w,0.0264695427286594,0.41092436974789914
qp0d0y,0.0178055518213062,0.30084033613445377
qp0d10,0.0130234886550701,0.21512605042016808
qp0d11,0.0090665577048891,0.12016806722689076
qp0d12,0.014697493125725,0.246218487394958
qp0d13,0.016030488932553,0.2739495798319328
qp0d14,0.0115799840486907,0.18319327731092436
qp0d15,0.0289265788793492,0.43529411764705883
qp0d16,0.0042589587721596,0.0226890756302521
qp0d17,0.0091557652855677,0.12100840336134454
qp0d18,0.0164931301900037,0.2823529411764706
qp0d19,0.0143227410068261,0.24201680672268908
qp0d1b,0.0060123629508959,0.05630252100840336
qp0d1c,0.0092318159129202,0.12521008403361344
qp0d1d,0.0117929598504689,0.18739495798319328
qp0d1e,0.011998254302112,0.19327731092436976
qp0d1f,0.0145706043535213,0.2453781512605042
qp0d1g,0.0189408148820348,0.32100840336134456
qp0d1h,0.1042895346042569,0.7789915966386555
qp0d1j,0.008498490266137,0.10588235294117647
qp0d1k,0.0078898240921567,0.09243697478991597
qp0d1m,0.0811750586635801,0.7075630252100841
qp0d1n,0.0367490064405764,0.49411764705882355
qp0d1q,0.0109378062104396,0.1689075630252101
qp0d1u,0.0082775805193367,0.10168067226890756
qp0d1w,0.0098625923926119,0.14201680672268907
qp0d1y,0.015439983420583,0.26134453781512607
qp0d42,0.0085229441407129,0.10840336134453782
qp0d48,0.0623813773233634,0.6378151260504201
qp0d49,0.022081662432459,0.3663865546218487
qp0d4b,0.140560639099482,0.8504201680672269
qp0d4c,0.0450288685384609,0.5453781512605042
qp0d4d,0.0085059463637867,0.10672268907563025
qp0d4e,0.0864766775460907,0.7201680672268908
qp0d4f,0.0070731192390241,0.07563025210084033
qp0d4g,0.0129101504913962,0.21260504201680672
qp0d4h,0.0103157890690285,0.15042016806722688
qp0d4n,0.0266165515283235,0.4134453781512605
qp0d4q,0.1936303614272775,0.8983193277310925
qp0d4s,0.1477639402668177,0.853781512605042
qp0d4t,0.068807373379054,0.6655462184873949
qp0d4u,0.01934930096445,0.3310924369747899
qp0d4v,0.0351151358631375,0.47983193277310926
qp0d4w,0.182924498730908,0.892436974789916
qp0d4y,0.0079412375913926,0.09327731092436975
qp0d50,0.0876524730754607,0.7243697478991596
qp0d51,0.0539922680244223,0.5882352941176471
qp0d52,0.0648189708833202,0.6504201680672269
qp0d53,0.1138265312221193,0.8050420168067227
qp0d54,0.0653329808168353,0.6521008403361345
qp0d55,0.0025265581952244,0.004201680672268907
qp0d56,0.0052243142727417,0.03865546218487395
qp0d57,0.0040302860824844,0.020168067226890758
qp0d58,0.0539397514506936,0.5873949579831933
qp0d59,0.0052875303687892,0.040336134453781515
qp0d5b,0.0265742763249346,0.4126050420168067
qp0d5c,0.0082215968912915,0.09831932773109243
qp0d5e,0.0069436386262469,0.07226890756302522
qp0d5f,0.027444156650434,0.419327731092437
qp0d5g,0.0127448117377413,0.20672268907563024
qp0d5h,0.0117237376803137,0.1865546218487395
qp0d5j,0.0050472095593011,0.034453781512605045
qp0d5m,0.0071337681165588,0.0773109243697479
qp0dh0,0.051645152474978,0.5773109243697478
qp0dh1,0.013491042569468,0.226890756302521
qp0dh2,0.0161043679893703,0.2747899159663866
qp0dh3,0.0092677424668159,0.12605042016806722
qp0dh4,0.0403330318419288,0.5134453781512605
qp0dh5,0.0099429421425646,0.14369747899159663
qp0dh6,0.0134183288681757,0.22521008403361345
qp0dh7,0.009356692393784,0.12857142857142856
qp0dh8,0.0600212428579047,0.6294117647058823
qp0dh9,0.1301640944010043,0.8344537815126051
qp0dhb,0.1758418476484209,0.8865546218487395
qp0dhc,0.0082448023800289,0.1
qp0dhd,0.0134456311137706,0.22605042016806723
qp0dhe,0.2566365961559239,0.9310924369747899
qp0dhg,0.0584487901833365,0.6218487394957983
qp0dhh,0.0212141684759052,0.3521008403361345
qp0dhj,0.0059947841436474,0.0546218487394958
qp0dhk,0.0241037101899477,0.39243697478991596
qp0dhm,0.0039814601075136,0.019327731092436976
qp0dhq,0.0212808951968471,0.35294117647058826
qp0dhs,0.0317116569580197,0.45714285714285713
qp0dht,0.1990094958709373,0.9008403361344538
qp0dhu,0.0117107416931729,0.18571428571428572
qp0dhv,0.0118850867114215,0.1907563025210084
qp0dhw,0.0882670472515734,0.726890756302521
qp0dhy,0.0144067182285897,0.24285714285714285
qp0dj0,0.1375237088491679,0.846218487394958
qp0dj1,0.2393123871029798,0.9243697478991597
qp0dj2,0.0059477731010012,0.05378151260504202
qp0dj3,0.0096419336528679,0.13529411764705881
qp0dj4,0.0389377917541741,0.5067226890756302
qp0dj5,0.0605943629127159,0.6319327731092437
qp0dj6,0.0155891537018816,0.2638655462184874
qp0dj7,0.0633865591025084,0.6436974789915967
qp0dj8,0.0091668500981166,0.12184873949579832
qp0dj9,0.0102807036831725,0.14705882352941177
qp0djb,0.0039095754045043,0.01680672268907563
qp0djc,0.0229588549765597,0.37815126050420167
qp0djd,0.0083838011431643,0.10420168067226891
qp0dje,0.0135079507724045,0.22773109243697479
qp0djf,0.0053843895611152,0.043697478991596636
qp0djg,0.0034517043792153,0.010924369747899159
qp0djh,0.022515758056549,0.37142857142857144
qp0djj,0.0210458426579709,0.34705882352941175
qp0djk,0.020849524250395,0.3445378151260504
qp0djm,0.0215293559777425,0.3554621848739496
qp0djn,0.0153824598003962,0.25798319327731095
qp0djq,0.017329623779827,0.2957983193277311
qp0djs,0.0133438388890814,0.22268907563025211
qp0djt,0.0163554072710834,0.27899159663865547
qp0djw,0.0106983041365208,0.16302521008403362
qp0djy,0.0076829688059545,0.08739495798319327
qp0dn1,0.0939423812017271,0.7432773109243698
qp0dn4,0.0078106287782312,0.08991596638655462
qp0dnj,0.0278414978950168,0.4235294117647059
